Certificate,N_s,N_u,Result,Benchmark_file,seed,XD,XI,XU,XG,N_Data,Neurons,Activations,Ctrl_Neurons,Ctrl_Activations,Alt_Neurons,Alt_Activations,Factors,LLO,Symmetric_Belt,Time_Domain,Verifier,Loops,Total_Time,Learner_Time,Translator_Time,Verifier_Time,Consolidator_Time
LYAPUNOV,2,0,True,non_poly_0,167,"Torus([0, 0], 1, 0.01)",,,,1000,[2],['SQUARE'],,,,,NONE,True,False,CONTINUOUS,DREAL,1,0.04944408600022143,0.04325157000039326,0.000549669000065478,0.0031109850006032502,0
LYAPUNOV,2,0,True,non_poly_0,171,"Torus([0, 0], 1, 0.01)",,,,1069,[2],['SQUARE'],,,,,NONE,True,False,CONTINUOUS,DREAL,4,0.4438989939999374,0.32416877600098815,0.0024081049996311776,0.10587959199983743,0.007630189998963033
LYAPUNOV,2,0,True,non_poly_0,175,"Torus([0, 0], 1, 0.01)",,,,1000,[2],['SQUARE'],,,,,NONE,True,False,CONTINUOUS,DREAL,1,0.020601176000127452,0.014857708999443275,0.0007000959994911682,0.0027779209995060228,0
LYAPUNOV,2,0,True,non_poly_0,179,"Torus([0, 0], 1, 0.01)",,,,1000,[2],['SQUARE'],,,,,NONE,True,False,CONTINUOUS,DREAL,1,0.020786282999324612,0.015271514999767533,0.000586189000387094,0.002743760999692313,0
LYAPUNOV,2,0,True,non_poly_0,183,"Torus([0, 0], 1, 0.01)",,,,1000,[2],['SQUARE'],,,,,NONE,True,False,CONTINUOUS,DREAL,1,0.01840817700031039,0.01341389099980006,0.0006616730006498983,0.002201978999437415,0
LYAPUNOV,2,0,True,non_poly_0,187,"Torus([0, 0], 1, 0.01)",,,,1046,[2],['SQUARE'],,,,,NONE,True,False,CONTINUOUS,DREAL,3,0.2873526249995848,0.18769695100036188,0.0014746320002814173,0.09098942000036914,0.003932697998607182
LYAPUNOV,2,0,True,non_poly_0,191,"Torus([0, 0], 1, 0.01)",,,,1023,[2],['SQUARE'],,,,,NONE,True,False,CONTINUOUS,DREAL,2,0.03871411199997965,0.02398949599955813,0.0009959369999705814,0.008716291000382625,0.0025120620002780925
LYAPUNOV,2,0,True,non_poly_0,195,"Torus([0, 0], 1, 0.01)",,,,1046,[2],['SQUARE'],,,,,NONE,True,False,CONTINUOUS,DREAL,3,0.37776300699988496,0.290579658999377,0.001716859999760345,0.07922156900076516,0.003539094000188925
LYAPUNOV,2,0,True,non_poly_0,199,"Torus([0, 0], 1, 0.01)",,,,1023,[2],['SQUARE'],,,,,NONE,True,False,CONTINUOUS,DREAL,2,0.03672487899984844,0.023900405999484065,0.0013364789992920123,0.006419857999389933,0.0023583080001117196
LYAPUNOV,2,0,True,non_poly_0,203,"Torus([0, 0], 1, 0.01)",,,,1026,[2],['SQUARE'],,,,,NONE,True,False,CONTINUOUS,DREAL,2,0.2669575279996934,0.24730322100003832,0.0011599030003708322,0.011852008999994723,0.004204826999739453
LYAPUNOV,3,0,True,poly_1,167,"Torus([0.0, 0.0, 0.0], 10.0, 0.1)",,,,500,[8],['SQUARE'],,,,,NONE,True,False,CONTINUOUS,DREAL,1,0.4937190870004997,0.03902928199931921,0.0010130549999303184,0.45086054500006867,0
LYAPUNOV,3,0,True,poly_1,171,"Torus([0.0, 0.0, 0.0], 10.0, 0.1)",,,,968,[8],['SQUARE'],,,,,NONE,True,False,CONTINUOUS,DREAL,18,4.280041336999602,2.106506905997776,0.025606838002204313,2.0140517080008067,0.1188473679976596
LYAPUNOV,3,0,True,poly_1,175,"Torus([0.0, 0.0, 0.0], 10.0, 0.1)",,,,536,[8],['SQUARE'],,,,,NONE,True,False,CONTINUOUS,DREAL,2,0.7152952880005614,0.021098104999509815,0.0027470409995657974,0.6687255959996037,0.019890304999535147
LYAPUNOV,3,0,True,poly_1,179,"Torus([0.0, 0.0, 0.0], 10.0, 0.1)",,,,722,[8],['SQUARE'],,,,,NONE,True,False,CONTINUOUS,DREAL,8,4.420964351999828,2.586084407999806,0.010597042001791124,1.72181186799844,0.09397037299913791
LYAPUNOV,3,0,True,poly_1,183,"Torus([0.0, 0.0, 0.0], 10.0, 0.1)",,,,844,[8],['SQUARE'],,,,,NONE,True,False,CONTINUOUS,DREAL,13,22.670393538999633,12.658470369999122,0.015529906999290688,9.872071878000497,0.11218952700164664
LYAPUNOV,3,0,True,poly_1,187,"Torus([0.0, 0.0, 0.0], 10.0, 0.1)",,,,693,[8],['SQUARE'],,,,,NONE,True,False,CONTINUOUS,DREAL,6,1.3982143520006503,0.17469707799955358,0.00784128299983422,1.1082100160001573,0.1005361930010622
LYAPUNOV,3,0,True,poly_1,191,"Torus([0.0, 0.0, 0.0], 10.0, 0.1)",,,,580,[8],['SQUARE'],,,,,NONE,True,False,CONTINUOUS,DREAL,3,0.41931291399941983,0.02367554000011296,0.004497674999583978,0.3372350199997527,0.04992947699975048
LYAPUNOV,3,0,True,poly_1,195,"Torus([0.0, 0.0, 0.0], 10.0, 0.1)",,,,661,[8],['SQUARE'],,,,,NONE,True,False,CONTINUOUS,DREAL,6,2.1722696580000047,0.11971499099945504,0.007734337998954288,1.9667384649992528,0.07161187799920299
LYAPUNOV,3,0,True,poly_1,199,"Torus([0.0, 0.0, 0.0], 10.0, 0.1)",,,,500,[8],['SQUARE'],,,,,NONE,True,False,CONTINUOUS,DREAL,1,0.40491900899996836,0.01207742499991582,0.001801234999220469,0.38918298299995513,0
LYAPUNOV,3,0,True,poly_1,203,"Torus([0.0, 0.0, 0.0], 10.0, 0.1)",,,,526,[8],['SQUARE'],,,,,NONE,True,False,CONTINUOUS,DREAL,2,0.7230594499997096,0.015412447000016982,0.0032629780007482623,0.6958041250009046,0.005663028000526538
LYAPUNOV,2,2,True,ctrllyap0_ct,167,"Torus([0.0, 0.0], 10.0, 0.1)",,,,5023,[4],['SQUARE'],[15],['LINEAR'],,,NONE,False,False,CONTINUOUS,DREAL,2,4.511841290999655,0.6863513389998843,0.0011918240006707492,3.8169775199994547,0.0019713510000656242
LYAPUNOV,2,2,True,ctrllyap0_ct,171,"Torus([0.0, 0.0], 10.0, 0.1)",,,,5111,[4],['SQUARE'],[15],['LINEAR'],,,NONE,False,False,CONTINUOUS,DREAL,5,144.14454289900004,91.95460941500005,0.0025679299997136695,52.14666477499941,0.032255197001177294
LYAPUNOV,2,2,True,ctrllyap0_ct,175,"Torus([0.0, 0.0], 10.0, 0.1)",,,,5000,[4],['SQUARE'],[15],['LINEAR'],,,NONE,False,False,CONTINUOUS,DREAL,1,0.7519652169994515,0.24518250100027217,0.0005461220007418888,0.5030938970003263,0
LYAPUNOV,2,2,True,ctrllyap0_ct,179,"Torus([0.0, 0.0], 10.0, 0.1)",,,,5000,[4],['SQUARE'],[15],['LINEAR'],,,NONE,False,False,CONTINUOUS,DREAL,1,0.20751641700007895,0.07531428600032086,0.000606247000177973,0.12820474999989528,0
LYAPUNOV,2,2,True,ctrllyap0_ct,183,"Torus([0.0, 0.0], 10.0, 0.1)",,,,5000,[4],['SQUARE'],[15],['LINEAR'],,,NONE,False,False,CONTINUOUS,DREAL,1,9.101344171000164,8.282579943999735,0.0004967800005033496,0.8141918500004977,0
LYAPUNOV,2,2,True,ctrllyap0_ct,187,"Torus([0.0, 0.0], 10.0, 0.1)",,,,5000,[4],['SQUARE'],[15],['LINEAR'],,,NONE,False,False,CONTINUOUS,DREAL,1,0.6062448470001982,0.248366654000165,0.0004719799999293173,0.3542928449996907,0
LYAPUNOV,2,2,True,ctrllyap0_ct,191,"Torus([0.0, 0.0], 10.0, 0.1)",,,,5000,[4],['SQUARE'],[15],['LINEAR'],,,NONE,False,False,CONTINUOUS,DREAL,1,0.5300460910002585,0.44143066900051053,0.000695298000209732,0.0846522140000161,0
LYAPUNOV,2,2,True,ctrllyap0_ct,195,"Torus([0.0, 0.0], 10.0, 0.1)",,,,5000,[4],['SQUARE'],[15],['LINEAR'],,,NONE,False,False,CONTINUOUS,DREAL,1,9.981630082000265,1.4763634230002936,0.0005046319993198267,8.50160951900034,0
LYAPUNOV,2,2,True,ctrllyap0_ct,199,"Torus([0.0, 0.0], 10.0, 0.1)",,,,5000,[4],['SQUARE'],[15],['LINEAR'],,,NONE,False,False,CONTINUOUS,DREAL,1,1.1343364779995682,1.017121920000136,0.0005614410001726355,0.1135764829996333,0
LYAPUNOV,2,2,True,ctrllyap0_ct,203,"Torus([0.0, 0.0], 10.0, 0.1)",,,,5023,[4],['SQUARE'],[15],['LINEAR'],,,NONE,False,False,CONTINUOUS,DREAL,2,35.66233186699992,35.59678617100144,0.0010490659997230978,0.0559137299997019,0.0030476459996862104
LYAPUNOV,2,2,True,ctrllyap_invpend,167,"Torus([0.0, 0.0], 1, 0.1)",,,,1500,[5],['SQUARE'],[25],['LINEAR'],,,NONE,False,False,CONTINUOUS,DREAL,1,0.6277978749994872,0.487935471000128,0.0006311830002232455,0.13453828799993062,0
LYAPUNOV,2,2,True,ctrllyap_invpend,171,"Torus([0.0, 0.0], 1, 0.1)",,,,1568,[5],['SQUARE'],[25],['LINEAR'],,,NONE,False,False,CONTINUOUS,DREAL,4,20.784608025000125,14.657674553000106,0.002382689000114624,6.109977680999691,0.006503595001049689
LYAPUNOV,2,2,True,ctrllyap_invpend,175,"Torus([0.0, 0.0], 1, 0.1)",,,,1500,[5],['SQUARE'],[25],['LINEAR'],,,NONE,False,False,CONTINUOUS,DREAL,1,27.460296491999543,0.8756970989998081,0.0005235160006122896,26.580667422999795,0
LYAPUNOV,2,2,True,ctrllyap_invpend,179,"Torus([0.0, 0.0], 1, 0.1)",,,,1608,[5],['SQUARE'],[25],['LINEAR'],,,NONE,False,False,CONTINUOUS,DREAL,5,32.75836440900002,32.64644092800063,0.00332863000130601,0.0711877909998293,0.027646454999739944
LYAPUNOV,2,2,True,ctrllyap_invpend,183,"Torus([0.0, 0.0], 1, 0.1)",,,,1500,[5],['SQUARE'],[25],['LINEAR'],,,NONE,False,False,CONTINUOUS,DREAL,1,1.9303308349999497,1.8190737799995986,0.0005280999994283775,0.10733184500077186,0
LYAPUNOV,2,2,True,ctrllyap_invpend,187,"Torus([0.0, 0.0], 1, 0.1)",,,,1500,[5],['SQUARE'],[25],['LINEAR'],,,NONE,False,False,CONTINUOUS,DREAL,1,0.24930809699981182,0.19788475899986224,0.000647446999209933,0.04719000199929724,0
LYAPUNOV,2,2,True,ctrllyap_invpend,191,"Torus([0.0, 0.0], 1, 0.1)",,,,1522,[5],['SQUARE'],[25],['LINEAR'],,,NONE,False,False,CONTINUOUS,DREAL,2,10.004769268000018,9.521247158000733,0.0012320449995968374,0.4755673579993527,0.0014217119996828842
LYAPUNOV,2,2,True,ctrllyap_invpend,195,"Torus([0.0, 0.0], 1, 0.1)",,,,1500,[5],['SQUARE'],[25],['LINEAR'],,,NONE,False,False,CONTINUOUS,DREAL,1,0.5907310499997038,0.25285806600004435,0.0005809760004922282,0.33381371300038154,0
LYAPUNOV,2,2,True,ctrllyap_invpend,199,"Torus([0.0, 0.0], 1, 0.1)",,,,1500,[5],['SQUARE'],[25],['LINEAR'],,,NONE,False,False,CONTINUOUS,DREAL,1,0.6894679690003613,0.42811860399979196,0.0005777980004495475,0.2571570989994143,0
LYAPUNOV,2,2,True,ctrllyap_invpend,203,"Torus([0.0, 0.0], 1, 0.1)",,,,1684,[5],['SQUARE'],[25],['LINEAR'],,,NONE,False,False,CONTINUOUS,DREAL,9,19.757459940000444,14.795241480000186,0.005631303000882326,4.921779095997408,0.019627982001111377
BARRIER,2,0,True,barr_2,167,<__main__.test_lnn.<locals>.Barr2Domain object at 0x7f4df73a1b80>,"Sphere([-0.5, 0.5], 0.4)","Sphere([0.7, -0.7], 0.3)",,1850,[15],['TANH'],,,,,NONE,False,True,CONTINUOUS,DREAL,14,2.306160056000408,1.559411207002995,0.03258684900174558,0.6015408160019433,0.09869910000179516
BARRIER,2,0,True,barr_2,171,<__main__.test_lnn.<locals>.Barr2Domain object at 0x7f4df73a1b80>,"Sphere([-0.5, 0.5], 0.4)","Sphere([0.7, -0.7], 0.3)",,1898,[15],['TANH'],,,,,NONE,False,True,CONTINUOUS,DREAL,18,6.565775437999946,5.501290173999223,0.0434451099990838,0.9513426800003799,0.05414716699579003
BARRIER,2,0,True,barr_2,175,<__main__.test_lnn.<locals>.Barr2Domain object at 0x7f4df73a1b80>,"Sphere([-0.5, 0.5], 0.4)","Sphere([0.7, -0.7], 0.3)",,1623,[15],['TANH'],,,,,NONE,False,True,CONTINUOUS,DREAL,6,1.1432874860001903,0.772053901999243,0.013204453001890215,0.3250172409998413,0.027128640000228188
BARRIER,2,0,True,barr_2,179,<__main__.test_lnn.<locals>.Barr2Domain object at 0x7f4df73a1b80>,"Sphere([-0.5, 0.5], 0.4)","Sphere([0.7, -0.7], 0.3)",,1986,[15],['TANH'],,,,,NONE,False,True,CONTINUOUS,DREAL,18,3.448665382999934,2.3536440259986193,0.05331560100239585,0.8061413490013365,0.2175668220015723
BARRIER,2,0,True,barr_2,183,<__main__.test_lnn.<locals>.Barr2Domain object at 0x7f4df73a1b80>,"Sphere([-0.5, 0.5], 0.4)","Sphere([0.7, -0.7], 0.3)",,2068,[15],['TANH'],,,,,NONE,False,True,CONTINUOUS,DREAL,22,6.379719178999949,4.708850115999667,0.055908501000885735,1.3910266599968963,0.20446933200128115
BARRIER,2,0,True,barr_2,187,<__main__.test_lnn.<locals>.Barr2Domain object at 0x7f4df73a1b80>,"Sphere([-0.5, 0.5], 0.4)","Sphere([0.7, -0.7], 0.3)",,1940,[15],['TANH'],,,,,NONE,False,True,CONTINUOUS,DREAL,19,5.646128921000127,4.58119386800081,0.039780723001058504,0.9222265139997035,0.08681948499997816
BARRIER,2,0,False,barr_2,191,<__main__.test_lnn.<locals>.Barr2Domain object at 0x7f4df73a1b80>,"Sphere([-0.5, 0.5], 0.4)","Sphere([0.7, -0.7], 0.3)",,2101,[15],['TANH'],,,,,NONE,False,True,CONTINUOUS,DREAL,26,5.915385923000031,4.620583527001145,0.06815474000177346,1.080177399004242,0.12299041299957025
BARRIER,2,0,True,barr_2,195,<__main__.test_lnn.<locals>.Barr2Domain object at 0x7f4df73a1b80>,"Sphere([-0.5, 0.5], 0.4)","Sphere([0.7, -0.7], 0.3)",,1675,[15],['TANH'],,,,,NONE,False,True,CONTINUOUS,DREAL,8,1.182711806000043,0.8176948419977634,0.023602835998644878,0.28810506500030897,0.04348636100166914
BARRIER,2,0,True,barr_2,199,<__main__.test_lnn.<locals>.Barr2Domain object at 0x7f4df73a1b80>,"Sphere([-0.5, 0.5], 0.4)","Sphere([0.7, -0.7], 0.3)",,1718,[15],['TANH'],,,,,NONE,False,True,CONTINUOUS,DREAL,10,2.770340407999356,2.3531353939979454,0.01885747799951787,0.35309026099912444,0.035307620999446954
BARRIER,2,0,True,barr_2,203,<__main__.test_lnn.<locals>.Barr2Domain object at 0x7f4df73a1b80>,"Sphere([-0.5, 0.5], 0.4)","Sphere([0.7, -0.7], 0.3)",,2048,[15],['TANH'],,,,,NONE,False,True,CONTINUOUS,DREAL,23,7.389003598999807,5.813532166000186,0.05130107400145789,1.3781749200006743,0.1260233419989163
BARRIER,3,0,True,barr_4,167,<__main__.Domain object at 0x7faddb9a66a0>,<__main__.Init object at 0x7fac9fefa580>,<__main__.UnsafeDomain object at 0x7fac9df073a0>,,6267,[25],['LIN_TO_QUARTIC'],,,,,NONE,False,False,CONTINUOUS,DREAL,12,7.088985406000575,1.528582201000063,0.04546893199949409,5.476846663000288,0.024653824999404605
BARRIER,3,0,True,barr_4,171,<__main__.Domain object at 0x7faddb9a66a0>,<__main__.Init object at 0x7fac9fefa580>,<__main__.UnsafeDomain object at 0x7fac9df073a0>,,6308,[25],['LIN_TO_QUARTIC'],,,,,NONE,False,False,CONTINUOUS,DREAL,15,10.178694565999649,0.9072756329996992,0.057814767000309075,9.172429155999453,0.026909000000159722
BARRIER,3,0,False,barr_4,175,<__main__.Domain object at 0x7faddb9a66a0>,<__main__.Init object at 0x7fac9fefa580>,<__main__.UnsafeDomain object at 0x7fac9df073a0>,,6584,[25],['LIN_TO_QUARTIC'],,,,,NONE,False,False,CONTINUOUS,DREAL,26,15.209761857999183,2.794283218999226,0.11008290199970361,12.21272341599979,0.0665862420000849
BARRIER,3,0,True,barr_4,179,<__main__.Domain object at 0x7faddb9a66a0>,<__main__.Init object at 0x7fac9fefa580>,<__main__.UnsafeDomain object at 0x7fac9df073a0>,,6308,[25],['LIN_TO_QUARTIC'],,,,,NONE,False,False,CONTINUOUS,DREAL,13,11.547493955000391,0.9305585880001672,0.05658436299927416,10.484443708998697,0.06085765500029083
BARRIER,3,0,True,barr_4,183,<__main__.Domain object at 0x7faddb9a66a0>,<__main__.Init object at 0x7fac9fefa580>,<__main__.UnsafeDomain object at 0x7fac9df073a0>,,6606,[25],['LIN_TO_QUARTIC'],,,,,NONE,False,False,CONTINUOUS,DREAL,25,6.809334121000575,1.3711366960033047,0.10695938200024102,5.160188956000638,0.14555691199984722
BARRIER,3,0,True,barr_4,187,<__main__.Domain object at 0x7faddb9a66a0>,<__main__.Init object at 0x7fac9fefa580>,<__main__.UnsafeDomain object at 0x7fac9df073a0>,,6491,[25],['LIN_TO_QUARTIC'],,,,,NONE,False,False,CONTINUOUS,DREAL,22,43.705778937000105,2.0822601599993504,0.11103712800104404,41.4757687780002,0.012503977000051236
BARRIER,3,0,True,barr_4,191,<__main__.Domain object at 0x7faddb9a66a0>,<__main__.Init object at 0x7fac9fefa580>,<__main__.UnsafeDomain object at 0x7fac9df073a0>,,6296,[25],['LIN_TO_QUARTIC'],,,,,NONE,False,False,CONTINUOUS,DREAL,13,11.867696668999997,1.5356723710010556,0.05268206799792097,10.22547436899913,0.037800925999363244
BARRIER,3,0,True,barr_4,195,<__main__.Domain object at 0x7faddb9a66a0>,<__main__.Init object at 0x7fac9fefa580>,<__main__.UnsafeDomain object at 0x7fac9df073a0>,,6418,[25],['LIN_TO_QUARTIC'],,,,,NONE,False,False,CONTINUOUS,DREAL,19,21.34504339799969,1.7645495090009717,0.06784712800072157,19.46214622200023,0.03191268699902139
BARRIER,3,0,False,barr_4,199,<__main__.Domain object at 0x7faddb9a66a0>,<__main__.Init object at 0x7fac9fefa580>,<__main__.UnsafeDomain object at 0x7fac9df073a0>,,6584,[25],['LIN_TO_QUARTIC'],,,,,NONE,False,False,CONTINUOUS,DREAL,26,66.07732300099997,11.500166480001099,0.09466416100258357,54.431037717001345,0.027582028999859176
BARRIER,3,0,True,barr_4,203,<__main__.Domain object at 0x7faddb9a66a0>,<__main__.Init object at 0x7fac9fefa580>,<__main__.UnsafeDomain object at 0x7fac9df073a0>,,6458,[25],['LIN_TO_QUARTIC'],,,,,NONE,False,False,CONTINUOUS,DREAL,21,12.75028313599978,1.5139249100011511,0.09062762900066446,11.091404887997669,0.029842427000403404
BARRIER,3,1,True,ctrlbarr_obstacle,167,"Rectangle([-10.0, -10.0, -3.141592653589793], [10.0, 10.0, 3.141592653589793])","Rectangle([4.0, 4.0, -1.5707963267948966], [6.0, 6.0, 1.5707963267948966])","Rectangle([-9, -9, -1.5707963267948966], [-7.0, -6.0, 1.5707963267948966])",,3000,[15],['TANH'],[20],['LINEAR'],,,NONE,False,True,CONTINUOUS,DREAL,1,0.3535267200004455,0.1391672079998898,0.00204104800013738,0.20844952300012665,0
BARRIER,3,1,True,ctrlbarr_obstacle,171,"Rectangle([-10.0, -10.0, -3.141592653589793], [10.0, 10.0, 3.141592653589793])","Rectangle([4.0, 4.0, -1.5707963267948966], [6.0, 6.0, 1.5707963267948966])","Rectangle([-9, -9, -1.5707963267948966], [-7.0, -6.0, 1.5707963267948966])",,3000,[15],['TANH'],[20],['LINEAR'],,,NONE,False,True,CONTINUOUS,DREAL,1,0.3108582810000371,0.20081243799995718,0.003273672999966948,0.10379384400039271,0
BARRIER,3,1,True,ctrlbarr_obstacle,175,"Rectangle([-10.0, -10.0, -3.141592653589793], [10.0, 10.0, 3.141592653589793])","Rectangle([4.0, 4.0, -1.5707963267948966], [6.0, 6.0, 1.5707963267948966])","Rectangle([-9, -9, -1.5707963267948966], [-7.0, -6.0, 1.5707963267948966])",,3278,[15],['TANH'],[20],['LINEAR'],,,NONE,False,True,CONTINUOUS,DREAL,12,4.950304173999939,2.7452396739990945,0.03401021699937701,2.090511517998493,0.06135370299762144
BARRIER,3,1,True,ctrlbarr_obstacle,179,"Rectangle([-10.0, -10.0, -3.141592653589793], [10.0, 10.0, 3.141592653589793])","Rectangle([4.0, 4.0, -1.5707963267948966], [6.0, 6.0, 1.5707963267948966])","Rectangle([-9, -9, -1.5707963267948966], [-7.0, -6.0, 1.5707963267948966])",,3249,[15],['TANH'],[20],['LINEAR'],,,NONE,False,True,CONTINUOUS,DREAL,10,2.9304720930003896,0.6403519709983811,0.029674480998437502,2.178421669999807,0.06535489999896527
BARRIER,3,1,True,ctrlbarr_obstacle,183,"Rectangle([-10.0, -10.0, -3.141592653589793], [10.0, 10.0, 3.141592653589793])","Rectangle([4.0, 4.0, -1.5707963267948966], [6.0, 6.0, 1.5707963267948966])","Rectangle([-9, -9, -1.5707963267948966], [-7.0, -6.0, 1.5707963267948966])",,3065,[15],['TANH'],[20],['LINEAR'],,,NONE,False,True,CONTINUOUS,DREAL,3,0.6840849929994874,0.18849867500011896,0.008038917999328987,0.45867765699949814,0.02297877500041068
BARRIER,3,1,True,ctrlbarr_obstacle,187,"Rectangle([-10.0, -10.0, -3.141592653589793], [10.0, 10.0, 3.141592653589793])","Rectangle([4.0, 4.0, -1.5707963267948966], [6.0, 6.0, 1.5707963267948966])","Rectangle([-9, -9, -1.5707963267948966], [-7.0, -6.0, 1.5707963267948966])",,3472,[15],['TANH'],[20],['LINEAR'],,,NONE,False,True,CONTINUOUS,DREAL,18,9.338480391000303,5.940060394002103,0.054190161999940756,3.1600247470014438,0.1561245909988429
BARRIER,3,1,True,ctrlbarr_obstacle,191,"Rectangle([-10.0, -10.0, -3.141592653589793], [10.0, 10.0, 3.141592653589793])","Rectangle([4.0, 4.0, -1.5707963267948966], [6.0, 6.0, 1.5707963267948966])","Rectangle([-9, -9, -1.5707963267948966], [-7.0, -6.0, 1.5707963267948966])",,3233,[15],['TANH'],[20],['LINEAR'],,,NONE,False,True,CONTINUOUS,DREAL,9,4.995505314999718,0.8938998239982539,0.03234597700065933,3.941840257001786,0.10996429099941452
BARRIER,3,1,False,ctrlbarr_obstacle,195,"Rectangle([-10.0, -10.0, -3.141592653589793], [10.0, 10.0, 3.141592653589793])","Rectangle([4.0, 4.0, -1.5707963267948966], [6.0, 6.0, 1.5707963267948966])","Rectangle([-9, -9, -1.5707963267948966], [-7.0, -6.0, 1.5707963267948966])",,3636,[15],['TANH'],[20],['LINEAR'],,,NONE,False,True,CONTINUOUS,DREAL,26,13.038800780999736,2.2190173659982975,0.09689728700050182,10.499941072000183,0.1739731279994885
BARRIER,3,1,True,ctrlbarr_obstacle,199,"Rectangle([-10.0, -10.0, -3.141592653589793], [10.0, 10.0, 3.141592653589793])","Rectangle([4.0, 4.0, -1.5707963267948966], [6.0, 6.0, 1.5707963267948966])","Rectangle([-9, -9, -1.5707963267948966], [-7.0, -6.0, 1.5707963267948966])",,3380,[15],['TANH'],[20],['LINEAR'],,,NONE,False,True,CONTINUOUS,DREAL,16,8.419637902999966,4.663198843999453,0.06103810699914902,3.573588781997387,0.09091357400120614
BARRIER,3,1,False,ctrlbarr_obstacle,203,"Rectangle([-10.0, -10.0, -3.141592653589793], [10.0, 10.0, 3.141592653589793])","Rectangle([4.0, 4.0, -1.5707963267948966], [6.0, 6.0, 1.5707963267948966])","Rectangle([-9, -9, -1.5707963267948966], [-7.0, -6.0, 1.5707963267948966])",,3659,[15],['TANH'],[20],['LINEAR'],,,NONE,False,True,CONTINUOUS,DREAL,26,12.291328622000037,3.153044060000866,0.0885592029981126,8.801628593001624,0.2004997820013159
RWS,2,0,True,rwa_1,167,"Rectangle([-1.5, -1.5], [1.5, 1.5])","Rectangle([-0.5, -0.5], [0.5, 0.5])",,"Rectangle([-0.1, -0.1], [0.1, 0.1])",1224,[4],['SQUARE'],,,,,NONE,False,False,CONTINUOUS,DREAL,4,0.2210414880000826,0.18742252999982156,0.0032636980004099314,0.014180311000018264,0
RWS,2,0,True,rwa_1,171,"Rectangle([-1.5, -1.5], [1.5, 1.5])","Rectangle([-0.5, -0.5], [0.5, 0.5])",,"Rectangle([-0.1, -0.1], [0.1, 0.1])",1248,[4],['SQUARE'],,,,,NONE,False,False,CONTINUOUS,DREAL,4,0.1893251280007462,0.14674227299929044,0.0034939460010718904,0.01496784000119078,0
RWS,2,0,True,rwa_1,175,"Rectangle([-1.5, -1.5], [1.5, 1.5])","Rectangle([-0.5, -0.5], [0.5, 0.5])",,"Rectangle([-0.1, -0.1], [0.1, 0.1])",1200,[4],['SQUARE'],,,,,NONE,False,False,CONTINUOUS,DREAL,3,0.2208451230007995,0.17075195999950665,0.0028781309993064497,0.020543850999274582,0
RWS,2,0,True,rwa_1,179,"Rectangle([-1.5, -1.5], [1.5, 1.5])","Rectangle([-0.5, -0.5], [0.5, 0.5])",,"Rectangle([-0.1, -0.1], [0.1, 0.1])",1194,[4],['SQUARE'],,,,,NONE,False,False,CONTINUOUS,DREAL,2,0.30511529899922607,0.2510929650006801,0.0017823170001065591,0.032465683000737044,0
RWS,2,0,True,rwa_1,183,"Rectangle([-1.5, -1.5], [1.5, 1.5])","Rectangle([-0.5, -0.5], [0.5, 0.5])",,"Rectangle([-0.1, -0.1], [0.1, 0.1])",1226,[4],['SQUARE'],,,,,NONE,False,False,CONTINUOUS,DREAL,4,0.23004858600052103,0.18519519100027537,0.003240456000639824,0.019294549999358424,0
RWS,2,0,True,rwa_1,187,"Rectangle([-1.5, -1.5], [1.5, 1.5])","Rectangle([-0.5, -0.5], [0.5, 0.5])",,"Rectangle([-0.1, -0.1], [0.1, 0.1])",1229,[4],['SQUARE'],,,,,NONE,False,False,CONTINUOUS,DREAL,4,0.24098556799981452,0.19177114800004347,0.0038211050004974823,0.016686364000634057,0
RWS,2,0,True,rwa_1,191,"Rectangle([-1.5, -1.5], [1.5, 1.5])","Rectangle([-0.5, -0.5], [0.5, 0.5])",,"Rectangle([-0.1, -0.1], [0.1, 0.1])",1221,[4],['SQUARE'],,,,,NONE,False,False,CONTINUOUS,DREAL,4,0.5367356770002516,0.48669366300055117,0.003809026998169429,0.014542734999849927,0
RWS,2,0,True,rwa_1,195,"Rectangle([-1.5, -1.5], [1.5, 1.5])","Rectangle([-0.5, -0.5], [0.5, 0.5])",,"Rectangle([-0.1, -0.1], [0.1, 0.1])",1332,[4],['SQUARE'],,,,,NONE,False,False,CONTINUOUS,DREAL,8,2.0567427050000333,1.9436455599998226,0.007987279999724706,0.06980311099869141,0.008503939000547689
RWS,2,0,True,rwa_1,199,"Rectangle([-1.5, -1.5], [1.5, 1.5])","Rectangle([-0.5, -0.5], [0.5, 0.5])",,"Rectangle([-0.1, -0.1], [0.1, 0.1])",1242,[4],['SQUARE'],,,,,NONE,False,False,CONTINUOUS,DREAL,6,0.2605671519995667,0.16874319300040952,0.0056610629999340745,0.05374228700020467,0.0035880330005966243
RWS,2,0,True,rwa_1,203,"Rectangle([-1.5, -1.5], [1.5, 1.5])","Rectangle([-0.5, -0.5], [0.5, 0.5])",,"Rectangle([-0.1, -0.1], [0.1, 0.1])",1282,[4],['SQUARE'],,,,,NONE,False,False,CONTINUOUS,DREAL,8,0.5146067250007036,0.3662284620013452,0.006883202000608435,0.1067660930002603,0.00835791400004382
RWS,2,0,True,rwa_2,167,"Rectangle([-1.5, -1.5], [1.5, 1.5])","Rectangle([-0.5, -0.5], [0.5, 0.5])",,"Rectangle([-0.05, -0.05], [0.05, 0.05])",1754,[4],['SQUARE'],,,,,NONE,False,False,CONTINUOUS,DREAL,6,0.2831138479996298,0.21698075800031802,0.004937423001138086,0.03721875100200123,0.005198754998673394
RWS,2,0,True,rwa_2,171,"Rectangle([-1.5, -1.5], [1.5, 1.5])","Rectangle([-0.5, -0.5], [0.5, 0.5])",,"Rectangle([-0.05, -0.05], [0.05, 0.05])",1853,[4],['SQUARE'],,,,,NONE,False,False,CONTINUOUS,DREAL,8,0.7493982490004782,0.5850704759996006,0.008851297000546765,0.10975508699993952,0.012442043000191916
RWS,2,0,True,rwa_2,175,"Rectangle([-1.5, -1.5], [1.5, 1.5])","Rectangle([-0.5, -0.5], [0.5, 0.5])",,"Rectangle([-0.05, -0.05], [0.05, 0.05])",1759,[4],['SQUARE'],,,,,NONE,False,False,CONTINUOUS,DREAL,6,0.497873835000064,0.4279261479996421,0.004936403998726746,0.03311235699948156,0.005731618000027083
RWS,2,0,True,rwa_2,179,"Rectangle([-1.5, -1.5], [1.5, 1.5])","Rectangle([-0.5, -0.5], [0.5, 0.5])",,"Rectangle([-0.05, -0.05], [0.05, 0.05])",1704,[4],['SQUARE'],,,,,NONE,False,False,CONTINUOUS,DREAL,4,0.24323117800031469,0.15534403800029395,0.004099330999451922,0.049789029000749,0.007366218000242952
RWS,2,0,True,rwa_2,183,"Rectangle([-1.5, -1.5], [1.5, 1.5])","Rectangle([-0.5, -0.5], [0.5, 0.5])",,"Rectangle([-0.05, -0.05], [0.05, 0.05])",1747,[4],['SQUARE'],,,,,NONE,False,False,CONTINUOUS,DREAL,5,2.7063793099996474,2.645181908000268,0.0042146559981119935,0.030149582999001723,0.0029652010007339413
RWS,2,0,True,rwa_2,187,"Rectangle([-1.5, -1.5], [1.5, 1.5])","Rectangle([-0.5, -0.5], [0.5, 0.5])",,"Rectangle([-0.05, -0.05], [0.05, 0.05])",1709,[4],['SQUARE'],,,,,NONE,False,False,CONTINUOUS,DREAL,4,0.23463670000001002,0.19099942199864017,0.003653492000012193,0.01737348799906613,0
RWS,2,0,True,rwa_2,191,"Rectangle([-1.5, -1.5], [1.5, 1.5])","Rectangle([-0.5, -0.5], [0.5, 0.5])",,"Rectangle([-0.05, -0.05], [0.05, 0.05])",1718,[4],['SQUARE'],,,,,NONE,False,False,CONTINUOUS,DREAL,4,0.3773537329998362,0.32325793400013936,0.003541710999343195,0.018236584000078437,0
RWS,2,0,True,rwa_2,195,"Rectangle([-1.5, -1.5], [1.5, 1.5])","Rectangle([-0.5, -0.5], [0.5, 0.5])",,"Rectangle([-0.05, -0.05], [0.05, 0.05])",1710,[4],['SQUARE'],,,,,NONE,False,False,CONTINUOUS,DREAL,4,1.1158026049997716,1.0501392980013406,0.003449933000410965,0.03410939299919846,0.004903704999378533
RWS,2,0,True,rwa_2,199,"Rectangle([-1.5, -1.5], [1.5, 1.5])","Rectangle([-0.5, -0.5], [0.5, 0.5])",,"Rectangle([-0.05, -0.05], [0.05, 0.05])",1682,[4],['SQUARE'],,,,,NONE,False,False,CONTINUOUS,DREAL,3,0.3537689610002417,0.30942954100009956,0.0027912120003747987,0.016589690000728297,0
RWS,2,0,True,rwa_2,203,"Rectangle([-1.5, -1.5], [1.5, 1.5])","Rectangle([-0.5, -0.5], [0.5, 0.5])",,"Rectangle([-0.05, -0.05], [0.05, 0.05])",1889,[4],['SQUARE'],,,,,NONE,False,False,CONTINUOUS,DREAL,12,2.501920202999827,2.3810763170004066,0.009734709002259478,0.06285054799991485,0.020833506999224483
RWS,3,0,True,rwa_3,167,"Rectangle([-6, -6, -6], [6, 6, 6])","Rectangle([-1.2, -1.2, -1.2], [1.2, 1.2, 1.2])",,"Rectangle([-0.3, -0.3, -0.3], [0.3, 0.3, 0.3])",2857,[16],['SQUARE'],,,,,NONE,False,False,CONTINUOUS,DREAL,18,4.492923816000257,1.4714861909997126,0.0712447380010417,2.8728318170005878,0.036412788997949974
RWS,3,0,False,rwa_3,171,"Rectangle([-6, -6, -6], [6, 6, 6])","Rectangle([-1.2, -1.2, -1.2], [1.2, 1.2, 1.2])",,"Rectangle([-0.3, -0.3, -0.3], [0.3, 0.3, 0.3])",2940,[16],['SQUARE'],,,,,NONE,False,False,CONTINUOUS,DREAL,26,1.6017101489997003,0.5215877009995893,0.1400913199995557,0.8734171380028783,0
RWS,3,0,True,rwa_3,175,"Rectangle([-6, -6, -6], [6, 6, 6])","Rectangle([-1.2, -1.2, -1.2], [1.2, 1.2, 1.2])",,"Rectangle([-0.3, -0.3, -0.3], [0.3, 0.3, 0.3])",2721,[16],['SQUARE'],,,,,NONE,False,False,CONTINUOUS,DREAL,12,10.472891538999647,2.0505523209985768,0.037990989997524593,8.286099574999753,0.02092679200177372
RWS,3,0,True,rwa_3,179,"Rectangle([-6, -6, -6], [6, 6, 6])","Rectangle([-1.2, -1.2, -1.2], [1.2, 1.2, 1.2])",,"Rectangle([-0.3, -0.3, -0.3], [0.3, 0.3, 0.3])",2557,[16],['SQUARE'],,,,,NONE,False,False,CONTINUOUS,DREAL,8,8.0976838710003,0.2672093790006329,0.03646988900072756,7.746483660001104,0.0051389009995546076
RWS,3,0,True,rwa_3,183,"Rectangle([-6, -6, -6], [6, 6, 6])","Rectangle([-1.2, -1.2, -1.2], [1.2, 1.2, 1.2])",,"Rectangle([-0.3, -0.3, -0.3], [0.3, 0.3, 0.3])",2666,[16],['SQUARE'],,,,,NONE,False,False,CONTINUOUS,DREAL,12,8.25498861699998,0.21967122000205563,0.042637465002371755,7.941778763000002,0.008348186999683094
RWS,3,0,True,rwa_3,187,"Rectangle([-6, -6, -6], [6, 6, 6])","Rectangle([-1.2, -1.2, -1.2], [1.2, 1.2, 1.2])",,"Rectangle([-0.3, -0.3, -0.3], [0.3, 0.3, 0.3])",2891,[16],['SQUARE'],,,,,NONE,False,False,CONTINUOUS,DREAL,24,4.275182867000694,0.6168695949982066,0.12416032300006918,3.4677973159996327,0.004067279999617313
RWS,3,0,True,rwa_3,191,"Rectangle([-6, -6, -6], [6, 6, 6])","Rectangle([-1.2, -1.2, -1.2], [1.2, 1.2, 1.2])",,"Rectangle([-0.3, -0.3, -0.3], [0.3, 0.3, 0.3])",2884,[16],['SQUARE'],,,,,NONE,False,False,CONTINUOUS,DREAL,19,5.454314597000121,3.4097807329990246,0.08006122600181698,1.9001580750000358,0.014144458999908238
RWS,3,0,True,rwa_3,195,"Rectangle([-6, -6, -6], [6, 6, 6])","Rectangle([-1.2, -1.2, -1.2], [1.2, 1.2, 1.2])",,"Rectangle([-0.3, -0.3, -0.3], [0.3, 0.3, 0.3])",2709,[16],['SQUARE'],,,,,NONE,False,False,CONTINUOUS,DREAL,15,1.949784243999602,0.47855069099932734,0.07506777600156056,1.3283181619999596,0.007915518999652704
RWS,3,0,True,rwa_3,199,"Rectangle([-6, -6, -6], [6, 6, 6])","Rectangle([-1.2, -1.2, -1.2], [1.2, 1.2, 1.2])",,"Rectangle([-0.3, -0.3, -0.3], [0.3, 0.3, 0.3])",2547,[16],['SQUARE'],,,,,NONE,False,False,CONTINUOUS,DREAL,6,6.401598410000588,5.002625233998515,0.02126201399914862,1.3383803999995507,0
RWS,3,0,True,rwa_3,203,"Rectangle([-6, -6, -6], [6, 6, 6])","Rectangle([-1.2, -1.2, -1.2], [1.2, 1.2, 1.2])",,"Rectangle([-0.3, -0.3, -0.3], [0.3, 0.3, 0.3])",2500,[16],['SQUARE'],,,,,NONE,False,False,CONTINUOUS,DREAL,4,5.394497094000144,0.14574747900041984,0.013179923998904997,5.19795295700078,0.003804356999353331
RWS,2,1,True,ctrl_rws_1,167,"Rectangle([-1.5, -1.5], [1.5, 1.5])","Rectangle([-0.5, -0.5], [0.5, 0.5])",,"Rectangle([-0.1, -0.1], [0.1, 0.1])",1687,[5],['SQUARE'],[8],['LINEAR'],,,NONE,False,False,CONTINUOUS,DREAL,3,0.3383201899996493,0.28720483999950375,0.002557714000431588,0.03158534899921506,0
RWS,2,1,False,ctrl_rws_1,171,"Rectangle([-1.5, -1.5], [1.5, 1.5])","Rectangle([-0.5, -0.5], [0.5, 0.5])",,"Rectangle([-0.1, -0.1], [0.1, 0.1])",2745,[5],['SQUARE'],[8],['LINEAR'],,,NONE,False,False,CONTINUOUS,DREAL,26,58.28186607400039,58.135543692998,0.020081758997548604,0.07033532499917783,0
RWS,2,1,True,ctrl_rws_1,175,"Rectangle([-1.5, -1.5], [1.5, 1.5])","Rectangle([-0.5, -0.5], [0.5, 0.5])",,"Rectangle([-0.1, -0.1], [0.1, 0.1])",1694,[5],['SQUARE'],[8],['LINEAR'],,,NONE,False,False,CONTINUOUS,DREAL,2,0.3165115509991665,0.2669555499996932,0.0014356930005305912,0.018784116999995604,0
RWS,2,1,True,ctrl_rws_1,179,"Rectangle([-1.5, -1.5], [1.5, 1.5])","Rectangle([-0.5, -0.5], [0.5, 0.5])",,"Rectangle([-0.1, -0.1], [0.1, 0.1])",2247,[5],['SQUARE'],[8],['LINEAR'],,,NONE,False,False,CONTINUOUS,DREAL,16,31.854826523000156,31.73111467000126,0.013569387001552968,0.07338287700258661,0
RWS,2,1,True,ctrl_rws_1,183,"Rectangle([-1.5, -1.5], [1.5, 1.5])","Rectangle([-0.5, -0.5], [0.5, 0.5])",,"Rectangle([-0.1, -0.1], [0.1, 0.1])",1707,[5],['SQUARE'],[8],['LINEAR'],,,NONE,False,False,CONTINUOUS,DREAL,3,0.5420679099997869,0.45697450999978173,0.0025585040002624737,0.05712940600096772,0.001973678000467771
RWS,2,1,True,ctrl_rws_1,187,"Rectangle([-1.5, -1.5], [1.5, 1.5])","Rectangle([-0.5, -0.5], [0.5, 0.5])",,"Rectangle([-0.1, -0.1], [0.1, 0.1])",2449,[5],['SQUARE'],[8],['LINEAR'],,,NONE,False,False,CONTINUOUS,DREAL,22,38.82750255300016,38.53449514800013,0.01613159900171013,0.22738866199779295,0.006061088000024029
RWS,2,1,True,ctrl_rws_1,191,"Rectangle([-1.5, -1.5], [1.5, 1.5])","Rectangle([-0.5, -0.5], [0.5, 0.5])",,"Rectangle([-0.1, -0.1], [0.1, 0.1])",2159,[5],['SQUARE'],[8],['LINEAR'],,,NONE,False,False,CONTINUOUS,DREAL,13,28.728164404999916,28.626656763997744,0.01026647300022887,0.06199126700084889,0
RWS,2,1,True,ctrl_rws_1,195,"Rectangle([-1.5, -1.5], [1.5, 1.5])","Rectangle([-0.5, -0.5], [0.5, 0.5])",,"Rectangle([-0.1, -0.1], [0.1, 0.1])",1702,[5],['SQUARE'],[8],['LINEAR'],,,NONE,False,False,CONTINUOUS,DREAL,4,0.5525822580002568,0.5002464620001774,0.0030642980009361054,0.022914872999535874,0
RWS,2,1,True,ctrl_rws_1,199,"Rectangle([-1.5, -1.5], [1.5, 1.5])","Rectangle([-0.5, -0.5], [0.5, 0.5])",,"Rectangle([-0.1, -0.1], [0.1, 0.1])",1729,[5],['SQUARE'],[8],['LINEAR'],,,NONE,False,False,CONTINUOUS,DREAL,5,0.44071137200080557,0.3612470240004768,0.0034536900002422044,0.051384001000769786,0.0035477150004226132
RWS,2,1,True,ctrl_rws_1,203,"Rectangle([-1.5, -1.5], [1.5, 1.5])","Rectangle([-0.5, -0.5], [0.5, 0.5])",,"Rectangle([-0.1, -0.1], [0.1, 0.1])",1750,[5],['SQUARE'],[8],['LINEAR'],,,NONE,False,False,CONTINUOUS,DREAL,5,0.3000847339999382,0.23595220199968026,0.0043030909982917365,0.02187898000011046,0
STABLESAFE,2,0,True,stablesafe1,167,"Torus([0, 0], 3, 0.01)","Sphere([-0.9, -0.9], 1.0)","(Sphere([0.4, 0.4], 0.2) | Sphere([-0.4, 0.4], 0.2))",,1605,[5],['SQUARE'],,,[5],['TANH'],NONE,True,False,CONTINUOUS,DREAL,6,1.5805801129999963,1.5255217689991696,0.008614005998424545,0.04147586399994907,0
STABLESAFE,2,0,True,stablesafe1,171,"Torus([0, 0], 3, 0.01)","Sphere([-0.9, -0.9], 1.0)","(Sphere([0.4, 0.4], 0.2) | Sphere([-0.4, 0.4], 0.2))",,1752,[5],['SQUARE'],,,[5],['TANH'],NONE,True,False,CONTINUOUS,DREAL,13,0.8992316029998619,0.7139321179993203,0.025197197000125016,0.1503469600011158,0
STABLESAFE,2,0,True,stablesafe1,175,"Torus([0, 0], 3, 0.01)","Sphere([-0.9, -0.9], 1.0)","(Sphere([0.4, 0.4], 0.2) | Sphere([-0.4, 0.4], 0.2))",,1626,[5],['SQUARE'],,,[5],['TANH'],NONE,True,False,CONTINUOUS,DREAL,7,1.0617719809997652,1.0039630349983781,0.011122694000732736,0.039844250000896864,0
STABLESAFE,2,0,True,stablesafe1,179,"Torus([0, 0], 3, 0.01)","Sphere([-0.9, -0.9], 1.0)","(Sphere([0.4, 0.4], 0.2) | Sphere([-0.4, 0.4], 0.2))",,1500,[5],['SQUARE'],,,[5],['TANH'],NONE,True,False,CONTINUOUS,DREAL,1,0.32056295500024135,0.30481165000037436,0.0011929820002478664,0.010138532999917516,0
STABLESAFE,2,0,True,stablesafe1,183,"Torus([0, 0], 3, 0.01)","Sphere([-0.9, -0.9], 1.0)","(Sphere([0.4, 0.4], 0.2) | Sphere([-0.4, 0.4], 0.2))",,1563,[5],['SQUARE'],,,[5],['TANH'],NONE,True,False,CONTINUOUS,DREAL,4,1.0404028009998,1.008937921001234,0.005738152998674195,0.021112180001182423,0
STABLESAFE,2,0,False,stablesafe1,187,"Torus([0, 0], 3, 0.01)","Sphere([-0.9, -0.9], 1.0)","(Sphere([0.4, 0.4], 0.2) | Sphere([-0.4, 0.4], 0.2))",,2025,[5],['SQUARE'],,,[5],['TANH'],NONE,True,False,CONTINUOUS,DREAL,26,2.4915075939998133,2.117927068999961,0.050581231999785814,0.3068122479999147,0
STABLESAFE,2,0,True,stablesafe1,191,"Torus([0, 0], 3, 0.01)","Sphere([-0.9, -0.9], 1.0)","(Sphere([0.4, 0.4], 0.2) | Sphere([-0.4, 0.4], 0.2))",,1563,[5],['SQUARE'],,,[5],['TANH'],NONE,True,False,CONTINUOUS,DREAL,4,0.657737962000283,0.5968737699995472,0.006026914999893052,0.050048529001287534,0
STABLESAFE,2,0,True,stablesafe1,195,"Torus([0, 0], 3, 0.01)","Sphere([-0.9, -0.9], 1.0)","(Sphere([0.4, 0.4], 0.2) | Sphere([-0.4, 0.4], 0.2))",,1542,[5],['SQUARE'],,,[5],['TANH'],NONE,True,False,CONTINUOUS,DREAL,3,0.40250658800050587,0.3655901089996405,0.00491975399927469,0.026625278001120023,0
STABLESAFE,2,0,True,stablesafe1,199,"Torus([0, 0], 3, 0.01)","Sphere([-0.9, -0.9], 1.0)","(Sphere([0.4, 0.4], 0.2) | Sphere([-0.4, 0.4], 0.2))",,1521,[5],['SQUARE'],,,[5],['TANH'],NONE,True,False,CONTINUOUS,DREAL,2,0.32738696500018705,0.3024431450003249,0.002614928000184591,0.017889935999846784,0
STABLESAFE,2,0,True,stablesafe1,203,"Torus([0, 0], 3, 0.01)","Sphere([-0.9, -0.9], 1.0)","(Sphere([0.4, 0.4], 0.2) | Sphere([-0.4, 0.4], 0.2))",,1521,[5],['SQUARE'],,,[5],['TANH'],NONE,True,False,CONTINUOUS,DREAL,2,0.6048094150000907,0.5876687839991064,0.0025490860007266747,0.010526274999392626,0
ROA,2,0,True,roa_1,167,"Torus([0, 0], 2, 0.01)","Torus([0, 0], 0.5, 0.01)",,,1000,[10],['SQUARE'],,,,,NONE,True,False,CONTINUOUS,DREAL,1,0.07286464599928877,0.054091035000055854,0.0028470150000430294,0.013258915999358578,0
ROA,2,0,True,roa_1,171,"Torus([0, 0], 2, 0.01)","Torus([0, 0], 0.5, 0.01)",,,1223,[10],['SQUARE'],,,,,NONE,True,False,CONTINUOUS,DREAL,11,1.4256282640008067,1.3001512150003691,0.012841481999203097,0.08833088700066583,0.015882447001786204
ROA,2,0,False,roa_1,175,"Torus([0, 0], 2, 0.01)","Torus([0, 0], 0.5, 0.01)",,,1559,[10],['SQUARE'],,,,,NONE,True,False,CONTINUOUS,DREAL,26,28.523928630000228,28.21351687800143,0.033305520000794786,0.20874140600062674,0.04778565600372531
ROA,2,0,True,roa_1,179,"Torus([0, 0], 2, 0.01)","Torus([0, 0], 0.5, 0.01)",,,1000,[10],['SQUARE'],,,,,NONE,True,False,CONTINUOUS,DREAL,1,0.027361190000192437,0.014659333999588853,0.0019128900003124727,0.008992289999696368,0
ROA,2,0,True,roa_1,183,"Torus([0, 0], 2, 0.01)","Torus([0, 0], 0.5, 0.01)",,,1000,[10],['SQUARE'],,,,,NONE,True,False,CONTINUOUS,DREAL,1,0.03400485900056083,0.018998948999978893,0.0018803189996106084,0.010520939999878465,0
ROA,2,0,True,roa_1,187,"Torus([0, 0], 2, 0.01)","Torus([0, 0], 0.5, 0.01)",,,1000,[10],['SQUARE'],,,,,NONE,True,False,CONTINUOUS,DREAL,1,0.03335018500001752,0.016813858000205073,0.0020457420005186577,0.012443311999959406,0
ROA,2,0,True,roa_1,191,"Torus([0, 0], 2, 0.01)","Torus([0, 0], 0.5, 0.01)",,,1250,[10],['SQUARE'],,,,,NONE,True,False,CONTINUOUS,DREAL,12,22.977300249999644,20.22750465700119,0.013819390001117426,2.7060830149985122,0.02062534400010918
ROA,2,0,True,roa_1,195,"Torus([0, 0], 2, 0.01)","Torus([0, 0], 0.5, 0.01)",,,1270,[10],['SQUARE'],,,,,NONE,True,False,CONTINUOUS,DREAL,13,7.208396605999951,7.080539992999547,0.015844874999856984,0.07847446900268551,0.022751442998924176
ROA,2,0,True,roa_1,199,"Torus([0, 0], 2, 0.01)","Torus([0, 0], 0.5, 0.01)",,,1355,[10],['SQUARE'],,,,,NONE,True,False,CONTINUOUS,DREAL,17,36.301398304999566,35.00901297699966,0.020750746000885556,1.2333023189994492,0.025318739000795176
ROA,2,0,True,roa_1,203,"Torus([0, 0], 2, 0.01)","Torus([0, 0], 0.5, 0.01)",,,1000,[10],['SQUARE'],,,,,NONE,True,False,CONTINUOUS,DREAL,1,0.0368750440002259,0.022494413000458735,0.0013756499993178295,0.011215888999686285,0
